Hugo_Symbol	Variant_Classification	Tumor_Sample_Barcode
MTCL1	Missense_Mutation	TCGA-AB-2881-03A
HSH2D	In_Frame_Ins	TCGA-AB-2881-03A
PRDM16	Missense_Mutation	TCGA-AB-2895-03A
DCAF8	Missense_Mutation	TCGA-AB-2895-03A
DNMT3A	Missense_Mutation	TCGA-AB-2895-03A
CLASP2	Frame_Shift_Ins	TCGA-AB-2895-03A
SH3TC2	Missense_Mutation	TCGA-AB-2895-03A
ATP10B	Missense_Mutation	TCGA-AB-2895-03A
DOCK2	Splice_Site	TCGA-AB-2895-03A
NPM1	Frame_Shift_Ins	TCGA-AB-2895-03A
TBX18	Missense_Mutation	TCGA-AB-2895-03A
DHX32	Missense_Mutation	TCGA-AB-2895-03A
LDLRAD3	Silent	TCGA-AB-2895-03A
TSKU	Silent	TCGA-AB-2895-03A
CAND1	Missense_Mutation	TCGA-AB-2895-03A
FLT3	Missense_Mutation	TCGA-AB-2895-03A
FREM2	Silent	TCGA-AB-2895-03A
GUCY2D	Missense_Mutation	TCGA-AB-2895-03A
GAS7	Silent	TCGA-AB-2895-03A
MYH2	Silent	TCGA-AB-2895-03A
MED24	Silent	TCGA-AB-2895-03A
ALDH16A1	Silent	TCGA-AB-2895-03A
AKR7A2	Missense_Mutation	TCGA-AB-2927-03A
SLFNL1	Missense_Mutation	TCGA-AB-2927-03A
PRELP	Silent	TCGA-AB-2927-03A
TTN	Missense_Mutation	TCGA-AB-2927-03A
H3C4	Missense_Mutation	TCGA-AB-2927-03A
MMD2	Missense_Mutation	TCGA-AB-2927-03A
BRINP1	Silent	TCGA-AB-2927-03A
DAGLA	Silent	TCGA-AB-2927-03A
SH2B3	Missense_Mutation	TCGA-AB-2927-03A
DIS3	Missense_Mutation	TCGA-AB-2927-03A
PRKD1	Silent	TCGA-AB-2927-03A
ITGAD	Missense_Mutation	TCGA-AB-2927-03A
CHST6	Missense_Mutation	TCGA-AB-2927-03A
PGAP3	Missense_Mutation	TCGA-AB-2927-03A
CRHR1	Missense_Mutation	TCGA-AB-2927-03A
SUMO2	Frame_Shift_Ins	TCGA-AB-2927-03A
TCF4	Frame_Shift_Ins	TCGA-AB-2927-03A
ASXL1	Splice_Site	TCGA-AB-2927-03A
RUNX1	Missense_Mutation	TCGA-AB-2927-03A
CXorf58	Nonsense_Mutation	TCGA-AB-2927-03A
IP6K3	Frame_Shift_Ins	TCGA-AB-2880-03A
EPHA10	Missense_Mutation	TCGA-AB-2891-03A
DNMT3A	Splice_Site	TCGA-AB-2891-03A
BSN	Missense_Mutation	TCGA-AB-2891-03A
TMPRSS7	Missense_Mutation	TCGA-AB-2891-03A
CFAP300	Missense_Mutation	TCGA-AB-2891-03A
CLPX	Missense_Mutation	TCGA-AB-2891-03A
ARHGAP6	Missense_Mutation	TCGA-AB-2954-03A
GJB3	Missense_Mutation	TCGA-AB-2935-03A
CIMAP2	Missense_Mutation	TCGA-AB-2935-03A
ADGRL4	Missense_Mutation	TCGA-AB-2935-03A
CAD	5'Flank	TCGA-AB-2935-03A
CAMK1	Missense_Mutation	TCGA-AB-2935-03A
GOLGA4	Silent	TCGA-AB-2935-03A
CAMKV	Missense_Mutation	TCGA-AB-2935-03A
PRKCI	Missense_Mutation	TCGA-AB-2935-03A
MCTP1	Splice_Site	TCGA-AB-2935-03A
PPIC	Missense_Mutation	TCGA-AB-2935-03A
ADGRF5	Missense_Mutation	TCGA-AB-2935-03A
COG5	Missense_Mutation	TCGA-AB-2935-03A
GIMAP4	Silent	TCGA-AB-2935-03A
ADAMTS13	Silent	TCGA-AB-2935-03A
AKR1E2	Silent	TCGA-AB-2935-03A
ALOX5	Silent	TCGA-AB-2935-03A
TCERG1L	Silent	TCGA-AB-2935-03A
ANO3	Missense_Mutation	TCGA-AB-2935-03A
FREM2	Splice_Region	TCGA-AB-2935-03A
KCNRG	Missense_Mutation	TCGA-AB-2935-03A
TP53	Missense_Mutation	TCGA-AB-2935-03A
NF1	Nonsense_Mutation	TCGA-AB-2935-03A
MOCOS	Missense_Mutation	TCGA-AB-2935-03A
NPM1	Frame_Shift_Ins	TCGA-AB-2869-03A
CDH23	Splice_Region	TCGA-AB-2869-03A
VN1R4	Frame_Shift_Del	TCGA-AB-2869-03A
EP400	Missense_Mutation	TCGA-AB-2831-03A
GPR15	Missense_Mutation	TCGA-AB-2917-03A
GPR78	Silent	TCGA-AB-2917-03A
NCR2	Nonsense_Mutation	TCGA-AB-2917-03A
BAIAP2L1	Missense_Mutation	TCGA-AB-2917-03A
UNC5D	Missense_Mutation	TCGA-AB-2917-03A
SLC7A13	Missense_Mutation	TCGA-AB-2917-03A
CCDC180	Missense_Mutation	TCGA-AB-2917-03A
KRAS	Missense_Mutation	TCGA-AB-2917-03A
ASXL1	Nonsense_Mutation	TCGA-AB-2917-03A
DIAPH2	Missense_Mutation	TCGA-AB-2917-03A
EDEM2	Missense_Mutation	TCGA-AB-2884-03A
GJB3	Missense_Mutation	TCGA-AB-2935-03A
ADGRL4	Missense_Mutation	TCGA-AB-2935-03A
ATP1A2	Missense_Mutation	TCGA-AB-2935-03A
GOLGA4	Silent	TCGA-AB-2935-03A
DNAH11	Nonsense_Mutation	TCGA-AB-2935-03A
ALOX5	Silent	TCGA-AB-2935-03A
ANO3	Missense_Mutation	TCGA-AB-2935-03A
FREM2	Splice_Region	TCGA-AB-2935-03A
KCNRG	Missense_Mutation	TCGA-AB-2935-03A
TP53	Missense_Mutation	TCGA-AB-2935-03A
MOCOS	Missense_Mutation	TCGA-AB-2935-03A
FCGBP	Missense_Mutation	TCGA-AB-2935-03A
MAOA	Frame_Shift_Ins	TCGA-AB-2935-03A
MTOR	Missense_Mutation	TCGA-AB-2875-03A
CADM3	Missense_Mutation	TCGA-AB-2875-03A
MAP2	Missense_Mutation	TCGA-AB-2875-03A
MYLK	Missense_Mutation	TCGA-AB-2875-03A
BMPER	Missense_Mutation	TCGA-AB-2875-03A
ASB10	Frame_Shift_Ins	TCGA-AB-2875-03A
DRD2	Splice_Region	TCGA-AB-2875-03A
DGKA	Missense_Mutation	TCGA-AB-2875-03A
CEP290	Missense_Mutation	TCGA-AB-2875-03A
FCGBP	Silent	TCGA-AB-2875-03A
TRPM2	Missense_Mutation	TCGA-AB-2875-03A
PADI2	Silent	TCGA-AB-2838-03A
NRAS	Missense_Mutation	TCGA-AB-2838-03A
PYGO2	Missense_Mutation	TCGA-AB-2838-03A
ARHGEF11	Missense_Mutation	TCGA-AB-2838-03A
BRINP3	Missense_Mutation	TCGA-AB-2838-03A
BRINP3	Missense_Mutation	TCGA-AB-2838-03A
GOLGA4	Missense_Mutation	TCGA-AB-2838-03A
KLHL18	Missense_Mutation	TCGA-AB-2838-03A
PLXNB1	Silent	TCGA-AB-2838-03A
FEZF2	Missense_Mutation	TCGA-AB-2838-03A
ARMT1	Silent	TCGA-AB-2838-03A
CUL1	Missense_Mutation	TCGA-AB-2838-03A
OGDHL	Silent	TCGA-AB-2838-03A
PTPN5	Missense_Mutation	TCGA-AB-2838-03A
ANO2	Missense_Mutation	TCGA-AB-2838-03A
GUCY2C	Missense_Mutation	TCGA-AB-2838-03A
RFC3	Splice_Region	TCGA-AB-2838-03A
KIF2B	Missense_Mutation	TCGA-AB-2838-03A
PDE4A	5'Flank	TCGA-AB-2838-03A
KPRP	Missense_Mutation	TCGA-AB-2925-03A
CFHR2	Missense_Mutation	TCGA-AB-2925-03A
TTN	Missense_Mutation	TCGA-AB-2925-03A
GATA2	Missense_Mutation	TCGA-AB-2925-03A
PLXND1	Frame_Shift_Ins	TCGA-AB-2925-03A
NPM1	Frame_Shift_Ins	TCGA-AB-2925-03A
HECW1	Missense_Mutation	TCGA-AB-2925-03A
GRM3	Missense_Mutation	TCGA-AB-2925-03A
CSMD1	Missense_Mutation	TCGA-AB-2925-03A
RXFP2	Silent	TCGA-AB-2925-03A
SAXO2	Missense_Mutation	TCGA-AB-2925-03A
GDF5	Frame_Shift_Ins	TCGA-AB-2925-03A
LEPR	Missense_Mutation	TCGA-AB-2885-03A
ITGA10	Missense_Mutation	TCGA-AB-2885-03A
LRP1B	Missense_Mutation	TCGA-AB-2885-03A
XIRP2	Missense_Mutation	TCGA-AB-2885-03A
BSN	Missense_Mutation	TCGA-AB-2885-03A
DOK7	Missense_Mutation	TCGA-AB-2885-03A
RBM48	Missense_Mutation	TCGA-AB-2885-03A
STRIP2	Missense_Mutation	TCGA-AB-2885-03A
RFX3	Missense_Mutation	TCGA-AB-2885-03A
MRE11	Missense_Mutation	TCGA-AB-2885-03A
PTPN11	Missense_Mutation	TCGA-AB-2885-03A
TP53	Missense_Mutation	TCGA-AB-2885-03A
CASKIN2	Missense_Mutation	TCGA-AB-2885-03A
ASXL3	Missense_Mutation	TCGA-AB-2885-03A
PTPRT	Missense_Mutation	TCGA-AB-2885-03A
MTMR8	Missense_Mutation	TCGA-AB-2885-03A
OR6M1	Missense_Mutation	TCGA-AB-2924-03A
DIO2	Missense_Mutation	TCGA-AB-2924-03A
PHLPP1	Missense_Mutation	TCGA-AB-2924-03A
PLPPR4	Missense_Mutation	TCGA-AB-2914-03A
H3-4	Silent	TCGA-AB-2914-03A
STRN	In_Frame_Del	TCGA-AB-2914-03A
HTR3E	Missense_Mutation	TCGA-AB-2914-03A
ZFHX4	Missense_Mutation	TCGA-AB-2914-03A
CBL	Splice_Site	TCGA-AB-2914-03A
ISLR	Missense_Mutation	TCGA-AB-2914-03A
ADAMTS18	Missense_Mutation	TCGA-AB-2914-03A
KANSL1	Frame_Shift_Ins	TCGA-AB-2914-03A
PNPLA5	Missense_Mutation	TCGA-AB-2914-03A
PPP1R12C	Missense_Mutation	TCGA-AB-2889-03A
WDR64	Silent	TCGA-AB-2936-03A
GABBR1	Missense_Mutation	TCGA-AB-2936-03A
INTS15	Missense_Mutation	TCGA-AB-2936-03A
LYSET	Missense_Mutation	TCGA-AB-2936-03A
IDH2	Missense_Mutation	TCGA-AB-2936-03A
ZNF319	Missense_Mutation	TCGA-AB-2936-03A
HAS3	Silent	TCGA-AB-2936-03A
ACTL9	Silent	TCGA-AB-2936-03A
COL5A3	Silent	TCGA-AB-2936-03A
ERF	Silent	TCGA-AB-2936-03A
PLA2G2A	Silent	TCGA-AB-2886-03A
CNTNAP5	Missense_Mutation	TCGA-AB-2886-03A
ITPR3	Missense_Mutation	TCGA-AB-2886-03A
DNAH11	Missense_Mutation	TCGA-AB-2886-03A
RAD21	Frame_Shift_Del	TCGA-AB-2886-03A
RAP1B	Missense_Mutation	TCGA-AB-2886-03A
PKD1L2	Missense_Mutation	TCGA-AB-2886-03A
JAK3	Missense_Mutation	TCGA-AB-2886-03A
HIRA	Silent	TCGA-AB-2886-03A
NBEAL1	Missense_Mutation	TCGA-AB-2918-03A
ARPC1A	Missense_Mutation	TCGA-AB-2918-03A
SPRED2	Missense_Mutation	TCGA-AB-2937-03A
GSTK1	Missense_Mutation	TCGA-AB-2937-03A
HNRNPK	Splice_Site	TCGA-AB-2937-03A
TMTC4	Missense_Mutation	TCGA-AB-2937-03A
OTX2	Frame_Shift_Ins	TCGA-AB-2937-03A
VPS13B	Missense_Mutation	TCGA-AB-2920-03A
HDGF	Silent	TCGA-AB-2938-03A
DNMT3A	Frame_Shift_Del	TCGA-AB-2938-03A
ROBO2	Missense_Mutation	TCGA-AB-2938-03A
PIK3CB	Missense_Mutation	TCGA-AB-2938-03A
SMC4	Missense_Mutation	TCGA-AB-2938-03A
RBPJ	Nonsense_Mutation	TCGA-AB-2938-03A
UGT2B4	Missense_Mutation	TCGA-AB-2938-03A
ZNF827	Frame_Shift_Del	TCGA-AB-2938-03A
SORBS2	Silent	TCGA-AB-2938-03A
VARS2	Missense_Mutation	TCGA-AB-2938-03A
TTBK1	Missense_Mutation	TCGA-AB-2938-03A
CCZ1	Silent	TCGA-AB-2938-03A
CUL1	Missense_Mutation	TCGA-AB-2938-03A
DLC1	Missense_Mutation	TCGA-AB-2938-03A
CSMD3	Missense_Mutation	TCGA-AB-2938-03A
CAMSAP1	Silent	TCGA-AB-2938-03A
SIDT2	Missense_Mutation	TCGA-AB-2938-03A
OR8B12	Missense_Mutation	TCGA-AB-2938-03A
TUBA3C	Missense_Mutation	TCGA-AB-2938-03A
NRXN3	Missense_Mutation	TCGA-AB-2938-03A
GOLM2	Silent	TCGA-AB-2938-03A
EDC4	Missense_Mutation	TCGA-AB-2938-03A
TP53	Frame_Shift_Del	TCGA-AB-2938-03A
TP53	Missense_Mutation	TCGA-AB-2938-03A
MYH1	Missense_Mutation	TCGA-AB-2938-03A
KRTAP4-2	Missense_Mutation	TCGA-AB-2938-03A
EPG5	Missense_Mutation	TCGA-AB-2938-03A
CD320	Missense_Mutation	TCGA-AB-2938-03A
PRKCG	Missense_Mutation	TCGA-AB-2938-03A
NPTXR	Missense_Mutation	TCGA-AB-2938-03A
ELF4	Nonsense_Mutation	TCGA-AB-2938-03A
THRAP3	Nonsense_Mutation	TCGA-AB-2871-03A
NEB	Missense_Mutation	TCGA-AB-2871-03A
RAP1GDS1	Missense_Mutation	TCGA-AB-2871-03A
PCDHB12	Silent	TCGA-AB-2871-03A
NPM1	Frame_Shift_Ins	TCGA-AB-2871-03A
COL12A1	Missense_Mutation	TCGA-AB-2871-03A
BEND3	Missense_Mutation	TCGA-AB-2871-03A
PIP4P2	Missense_Mutation	TCGA-AB-2871-03A
PTPN11	Missense_Mutation	TCGA-AB-2871-03A
ATG14	Missense_Mutation	TCGA-AB-2871-03A
HEATR4	Missense_Mutation	TCGA-AB-2871-03A
VPS13C	Missense_Mutation	TCGA-AB-2871-03A
NFIX	Frame_Shift_Del	TCGA-AB-2871-03A
LRFN3	Missense_Mutation	TCGA-AB-2871-03A
KCNJ6	Missense_Mutation	TCGA-AB-2871-03A
ELF4	Missense_Mutation	TCGA-AB-2871-03A
USP48	Nonsense_Mutation	TCGA-AB-2943-03A
IGKJ1	Silent	TCGA-AB-2943-03A
CACNA2D3	Nonsense_Mutation	TCGA-AB-2943-03A
CADPS	Missense_Mutation	TCGA-AB-2943-03A
PRICKLE2	Silent	TCGA-AB-2943-03A
EPHA3	Missense_Mutation	TCGA-AB-2943-03A
YEATS2	Missense_Mutation	TCGA-AB-2943-03A
ILRUN	Missense_Mutation	TCGA-AB-2943-03A
ATP6V1C1	Missense_Mutation	TCGA-AB-2943-03A
DHTKD1	Silent	TCGA-AB-2943-03A
FLT1	Silent	TCGA-AB-2943-03A
SERPINA12	Missense_Mutation	TCGA-AB-2943-03A
TP53	Missense_Mutation	TCGA-AB-2943-03A
ZNF460	Missense_Mutation	TCGA-AB-2943-03A
DESI1	Missense_Mutation	TCGA-AB-2943-03A
MACF1	Splice_Region	TCGA-AB-2872-03A
ZMPSTE24	Missense_Mutation	TCGA-AB-2872-03A
NMUR2	Missense_Mutation	TCGA-AB-2872-03A
TJAP1	Missense_Mutation	TCGA-AB-2872-03A
TMEM63B	Missense_Mutation	TCGA-AB-2872-03A
SCAF8	Missense_Mutation	TCGA-AB-2872-03A
ZNF783	Intron	TCGA-AB-2872-03A
GOT1L1	Missense_Mutation	TCGA-AB-2872-03A
TCL1A	Missense_Mutation	TCGA-AB-2872-03A
CALR	Frame_Shift_Ins	TCGA-AB-2872-03A
BCAN	Missense_Mutation	TCGA-AB-2912-03A
ADSS2	Splice_Site	TCGA-AB-2912-03A
SCN3A	Missense_Mutation	TCGA-AB-2912-03A
POC1A	Missense_Mutation	TCGA-AB-2912-03A
DUSP26	Missense_Mutation	TCGA-AB-2912-03A
KCNU1	Nonsense_Mutation	TCGA-AB-2912-03A
ZFHX4	Silent	TCGA-AB-2912-03A
OGDHL	Missense_Mutation	TCGA-AB-2912-03A
PUS1	Missense_Mutation	TCGA-AB-2912-03A
CCDC33	Silent	TCGA-AB-2912-03A
UQCC1	Missense_Mutation	TCGA-AB-2912-03A
RUNX1	Missense_Mutation	TCGA-AB-2912-03A
BCORL1	Frame_Shift_Ins	TCGA-AB-2912-03A
TNR	Missense_Mutation	TCGA-AB-2941-03A
ITIH5	Missense_Mutation	TCGA-AB-2941-03A
NPHS1	Missense_Mutation	TCGA-AB-2941-03A
KCNN3	Missense_Mutation	TCGA-AB-2904-03A
C4BPB	Missense_Mutation	TCGA-AB-2904-03A
CAD	Silent	TCGA-AB-2904-03A
NCKAP5	Missense_Mutation	TCGA-AB-2904-03A
SNED1	Missense_Mutation	TCGA-AB-2904-03A
KCNH8	Missense_Mutation	TCGA-AB-2904-03A
NPNT	Missense_Mutation	TCGA-AB-2904-03A
LRBA	Missense_Mutation	TCGA-AB-2904-03A
PPWD1	Silent	TCGA-AB-2904-03A
PCDHGA5	Missense_Mutation	TCGA-AB-2904-03A
FAT2	Silent	TCGA-AB-2904-03A
BMP6	Missense_Mutation	TCGA-AB-2904-03A
TAS2R5	Missense_Mutation	TCGA-AB-2904-03A
PKHD1L1	Missense_Mutation	TCGA-AB-2904-03A
CCDC171	Missense_Mutation	TCGA-AB-2904-03A
CSTF2T	Missense_Mutation	TCGA-AB-2904-03A
ATRNL1	Splice_Site	TCGA-AB-2904-03A
TPH1	Missense_Mutation	TCGA-AB-2904-03A
DDX11	Silent	TCGA-AB-2904-03A
SPG11	Missense_Mutation	TCGA-AB-2904-03A
PRPF8	Missense_Mutation	TCGA-AB-2904-03A
TP53	Missense_Mutation	TCGA-AB-2904-03A
KRT19	Silent	TCGA-AB-2904-03A
CACNA1G	Silent	TCGA-AB-2904-03A
ZNF236	Missense_Mutation	TCGA-AB-2904-03A
MUC16	Silent	TCGA-AB-2904-03A
PHIP	Missense_Mutation	TCGA-AB-2897-03A
AK9	Missense_Mutation	TCGA-AB-2897-03A
MSRB1	Missense_Mutation	TCGA-AB-2897-03A
CALR	Splice_Site	TCGA-AB-2897-03A
HSPA12A	Missense_Mutation	TCGA-AB-2882-03A
DNMT3A	Splice_Site	TCGA-AB-2898-03A
DNMT3A	Missense_Mutation	TCGA-AB-2898-03A
ASXL2	Frame_Shift_Ins	TCGA-AB-2898-03A
EPAS1	Silent	TCGA-AB-2898-03A
PTPRN	Silent	TCGA-AB-2898-03A
POGLUT1	Missense_Mutation	TCGA-AB-2898-03A
ATP2C1	Missense_Mutation	TCGA-AB-2898-03A
FAM193A	Silent	TCGA-AB-2898-03A
CRISPLD1	Missense_Mutation	TCGA-AB-2898-03A
PCDH15	Missense_Mutation	TCGA-AB-2898-03A
TET1	Missense_Mutation	TCGA-AB-2898-03A
MYO16	Silent	TCGA-AB-2898-03A
MPI	In_Frame_Del	TCGA-AB-2898-03A
ACAN	Silent	TCGA-AB-2898-03A
IDH2	Missense_Mutation	TCGA-AB-2898-03A
CUEDC1	Silent	TCGA-AB-2898-03A
MEGF8	Silent	TCGA-AB-2898-03A
SEL1L2	Missense_Mutation	TCGA-AB-2898-03A
DOP1B	Missense_Mutation	TCGA-AB-2898-03A
ARHGAP4	Silent	TCGA-AB-2898-03A
PCSK2	Missense_Mutation	TCGA-AB-2957-03A
SERTAD4	Missense_Mutation	TCGA-AB-2950-03A
ATP6V1B1	Missense_Mutation	TCGA-AB-2950-03A
LOXL3	Silent	TCGA-AB-2950-03A
SCN5A	Silent	TCGA-AB-2950-03A
MANBA	Missense_Mutation	TCGA-AB-2950-03A
KIF3A	Missense_Mutation	TCGA-AB-2950-03A
UHRF2	Missense_Mutation	TCGA-AB-2950-03A
SLC24A2	Silent	TCGA-AB-2950-03A
RGS3	Silent	TCGA-AB-2950-03A
KBTBD3	Missense_Mutation	TCGA-AB-2950-03A
SIK2	Missense_Mutation	TCGA-AB-2950-03A
NCKAP5L	Silent	TCGA-AB-2950-03A
AKAP6	Silent	TCGA-AB-2950-03A
MTA1	Frame_Shift_Ins	TCGA-AB-2950-03A
TEX2	5'UTR	TCGA-AB-2950-03A
L3MBTL4	Missense_Mutation	TCGA-AB-2950-03A
ADNP2	Silent	TCGA-AB-2950-03A
ZNF133	Missense_Mutation	TCGA-AB-2950-03A
ELF4	Missense_Mutation	TCGA-AB-2950-03A
ATP2B3	Intron	TCGA-AB-2950-03A
TNNT2	Missense_Mutation	TCGA-AB-2939-03A
KIT	Missense_Mutation	TCGA-AB-2939-03A
KIAA1191	Missense_Mutation	TCGA-AB-2939-03A
KLHL31	Frame_Shift_Ins	TCGA-AB-2939-03A
POU3F2	Frame_Shift_Ins	TCGA-AB-2939-03A
GALNT18	Missense_Mutation	TCGA-AB-2939-03A
USHBP1	Missense_Mutation	TCGA-AB-2939-03A
KCTD18	Missense_Mutation	TCGA-AB-2876-03A
KLF15	Missense_Mutation	TCGA-AB-2877-03A
NPM1	Frame_Shift_Ins	TCGA-AB-2877-03A
STRIP2	Missense_Mutation	TCGA-AB-2877-03A
XKR4	Missense_Mutation	TCGA-AB-2877-03A
PLPPR1	Missense_Mutation	TCGA-AB-2877-03A
FLRT1	Missense_Mutation	TCGA-AB-2877-03A
ELMOD1	Missense_Mutation	TCGA-AB-2877-03A
IGSF9B	Missense_Mutation	TCGA-AB-2877-03A
EEA1	Missense_Mutation	TCGA-AB-2877-03A
FLRT2	Silent	TCGA-AB-2877-03A
CSPG4	Silent	TCGA-AB-2877-03A
IDH2	Missense_Mutation	TCGA-AB-2877-03A
UNC45B	Missense_Mutation	TCGA-AB-2877-03A
PKNOX1	Missense_Mutation	TCGA-AB-2877-03A
ADGRG4	Missense_Mutation	TCGA-AB-2877-03A
CTNNA2	Nonsense_Mutation	TCGA-AB-2956-03A
POLR2B	Missense_Mutation	TCGA-AB-2956-03A
RWDD4	Silent	TCGA-AB-2956-03A
GRM6	Silent	TCGA-AB-2956-03A
PKP2	Nonsense_Mutation	TCGA-AB-2956-03A
LPIN2	Missense_Mutation	TCGA-AB-2956-03A
TRAM1L1	Missense_Mutation	TCGA-AB-2945-03A
SPACA1	Missense_Mutation	TCGA-AB-2945-03A
GLB1L2	Missense_Mutation	TCGA-AB-2945-03A
ATP2B2	Missense_Mutation	TCGA-AB-2913-03A
RHO	Missense_Mutation	TCGA-AB-2913-03A
PCDHGA6	Silent	TCGA-AB-2913-03A
ALPK3	Silent	TCGA-AB-2913-03A
NF1	Missense_Mutation	TCGA-AB-2913-03A
HSD17B1	Missense_Mutation	TCGA-AB-2913-03A
STRC	Missense_Mutation	TCGA-AB-2923-03A
TMEM104	Nonsense_Mutation	TCGA-AB-2923-03A
MYH7B	Missense_Mutation	TCGA-AB-2942-03A
CELSR1	Missense_Mutation	TCGA-AB-2942-03A
TTN	Missense_Mutation	TCGA-AB-2888-03A
KIT	In_Frame_Ins	TCGA-AB-2888-03A
HLA-B	Missense_Mutation	TCGA-AB-2888-03A
HSD17B1	Silent	TCGA-AB-2888-03A
MYOM3	Silent	TCGA-AB-2959-03A
CCDC24	Missense_Mutation	TCGA-AB-2959-03A
TPO	Missense_Mutation	TCGA-AB-2959-03A
APOB	Missense_Mutation	TCGA-AB-2959-03A
ITIH4	Missense_Mutation	TCGA-AB-2959-03A
RIMS1	Missense_Mutation	TCGA-AB-2959-03A
DOCK5	Missense_Mutation	TCGA-AB-2959-03A
SLCO5A1	Missense_Mutation	TCGA-AB-2959-03A
SCUBE2	Silent	TCGA-AB-2959-03A
DEUP1	Missense_Mutation	TCGA-AB-2959-03A
GLB1L2	Silent	TCGA-AB-2959-03A
AQP5	Missense_Mutation	TCGA-AB-2959-03A
PABPC3	Missense_Mutation	TCGA-AB-2959-03A
PDS5B	Missense_Mutation	TCGA-AB-2959-03A
CEBPE	Silent	TCGA-AB-2959-03A
GZMB	Missense_Mutation	TCGA-AB-2959-03A
KNL1	Missense_Mutation	TCGA-AB-2959-03A
IDH2	Missense_Mutation	TCGA-AB-2959-03A
NUP93	Missense_Mutation	TCGA-AB-2959-03A
RTN4RL1	Missense_Mutation	TCGA-AB-2959-03A
SRSF2	Missense_Mutation	TCGA-AB-2959-03A
ZBTB33	Missense_Mutation	TCGA-AB-2959-03A
PHF6	Splice_Site	TCGA-AB-2959-03A
GREM2	Missense_Mutation	TCGA-AB-2874-03A
CEBPA	Missense_Mutation	TCGA-AB-2874-03A
AURKC	Missense_Mutation	TCGA-AB-2874-03A
THEMIS2	Silent	TCGA-AB-2878-03A
VPS72	Missense_Mutation	TCGA-AB-2878-03A
RIT1	Missense_Mutation	TCGA-AB-2878-03A
CACNA1E	Missense_Mutation	TCGA-AB-2878-03A
SPDYA	Missense_Mutation	TCGA-AB-2878-03A
STT3B	Missense_Mutation	TCGA-AB-2878-03A
NR2E1	Missense_Mutation	TCGA-AB-2878-03A
CHD4	Missense_Mutation	TCGA-AB-2878-03A
MTMR10	Silent	TCGA-AB-2878-03A
FBN1	Missense_Mutation	TCGA-AB-2878-03A
CACNA1F	Silent	TCGA-AB-2878-03A
ASXL3	Frame_Shift_Del	TCGA-AB-2922-03A
NPM1	Frame_Shift_Ins	TCGA-AB-2931-03A
GAPVD1	Intron	TCGA-AB-2931-03A
NR1D1	Missense_Mutation	TCGA-AB-2931-03A
CADPS	Silent	TCGA-AB-2882-03A
SCAF8	Missense_Mutation	TCGA-AB-2882-03A
DNAH17	Nonsense_Mutation	TCGA-AB-2882-03A
SNORD37	RNA	TCGA-AB-2882-03A
CNOT6L	Missense_Mutation	TCGA-AB-2890-03A
ADAP1	Silent	TCGA-AB-2890-03A
LRIT1	Missense_Mutation	TCGA-AB-2890-03A
STAT5A	Frame_Shift_Del	TCGA-AB-2890-03A
ADNP	Missense_Mutation	TCGA-AB-2890-03A
ITPR3	Missense_Mutation	TCGA-AB-2887-03A
PCDHA8	Missense_Mutation	TCGA-AB-2908-03A
ORAI2	Silent	TCGA-AB-2908-03A
HNRNPF	Missense_Mutation	TCGA-AB-2908-03A
SLC22A6	Frame_Shift_Ins	TCGA-AB-2908-03A
CNTNAP4	Missense_Mutation	TCGA-AB-2908-03A
TUBB3	Missense_Mutation	TCGA-AB-2908-03A
IKZF3	Silent	TCGA-AB-2908-03A
GRIK3	Silent	TCGA-AB-2901-03A
SALL3	Missense_Mutation	TCGA-AB-2901-03A
CFAP221	Missense_Mutation	TCGA-AB-2949-03A
TNFAIP6	Silent	TCGA-AB-2949-03A
DNAH5	Missense_Mutation	TCGA-AB-2949-03A
PCDHB13	Missense_Mutation	TCGA-AB-2949-03A
PCLO	Missense_Mutation	TCGA-AB-2949-03A
VLDLR	Missense_Mutation	TCGA-AB-2949-03A
OR51B6	Missense_Mutation	TCGA-AB-2949-03A
ORAI1	Missense_Mutation	TCGA-AB-2949-03A
IDH2	Missense_Mutation	TCGA-AB-2949-03A
FBXO39	Missense_Mutation	TCGA-AB-2949-03A
RELCH	Nonsense_Mutation	TCGA-AB-2949-03A
MUC16	Missense_Mutation	TCGA-AB-2949-03A
ASXL1	Nonsense_Mutation	TCGA-AB-2949-03A
PHF6	Missense_Mutation	TCGA-AB-2949-03A
INTS11	Missense_Mutation	TCGA-AB-2879-03A
CFAP20DC	Missense_Mutation	TCGA-AB-2915-03A
NME9	Silent	TCGA-AB-2915-03A
GSTCD	Silent	TCGA-AB-2915-03A
ANK2	Frame_Shift_Ins	TCGA-AB-2915-03A
NAA15	Nonsense_Mutation	TCGA-AB-2915-03A
NPM1	Missense_Mutation	TCGA-AB-2915-03A
NR2E1	Missense_Mutation	TCGA-AB-2915-03A
TMEM268	Silent	TCGA-AB-2915-03A
KRT78	Nonsense_Mutation	TCGA-AB-2915-03A
DOT1L	Silent	TCGA-AB-2915-03A
TLE6	Missense_Mutation	TCGA-AB-2915-03A
LILRB1-AS1	Intron	TCGA-AB-2915-03A
WNK3	Missense_Mutation	TCGA-AB-2915-03A
TCEAL1	Silent	TCGA-AB-2915-03A
SLC6A8	Missense_Mutation	TCGA-AB-2915-03A
ACHE	Silent	TCGA-AB-2934-03A
TTLL12	Missense_Mutation	TCGA-AB-2934-03A
DENND2D	Silent	TCGA-AB-2940-03A
IRF1	Missense_Mutation	TCGA-AB-2940-03A
CEBPA	In_Frame_Ins	TCGA-AB-2940-03A
MRPS2	Missense_Mutation	TCGA-AB-2896-03A
RASIP1	Missense_Mutation	TCGA-AB-2944-03A
OR1G1	Missense_Mutation	TCGA-AB-2883-03A
CFH	Silent	TCGA-AB-2893-03A
KRAS	Missense_Mutation	TCGA-AB-2893-03A
SPEN	Missense_Mutation	TCGA-AB-2900-03A
KCNT1	Missense_Mutation	TCGA-AB-2900-03A
MBD5	Silent	TCGA-AB-2899-03A
DUSP1	Missense_Mutation	TCGA-AB-2899-03A
OPN5	Silent	TCGA-AB-2899-03A
OIT3	Missense_Mutation	TCGA-AB-2899-03A
LDHAL6A	Missense_Mutation	TCGA-AB-2899-03A
UMOD	Frame_Shift_Ins	TCGA-AB-2899-03A
QRICH2	Missense_Mutation	TCGA-AB-2899-03A
RUNX1	Missense_Mutation	TCGA-AB-2899-03A
ALG13	Missense_Mutation	TCGA-AB-2899-03A
ZBTB7B	Missense_Mutation	TCGA-AB-2910-03A
CCDC141	Missense_Mutation	TCGA-AB-2910-03A
SLC23A1	Silent	TCGA-AB-2910-03A
WEE2	Missense_Mutation	TCGA-AB-2910-03A
GTF2H1	Missense_Mutation	TCGA-AB-2910-03A
KCNE3	Missense_Mutation	TCGA-AB-2910-03A
VWF	Missense_Mutation	TCGA-AB-2910-03A
ATF7IP	Frame_Shift_Del	TCGA-AB-2910-03A
FLT3	Missense_Mutation	TCGA-AB-2910-03A
CIC	Missense_Mutation	TCGA-AB-2910-03A
PLA2G2D	Missense_Mutation	TCGA-AB-2921-03A
NFE2	Frame_Shift_Ins	TCGA-AB-2921-03A
EHD2	Missense_Mutation	TCGA-AB-2921-03A
TCTN2	Missense_Mutation	TCGA-AB-2933-03A
ABCB1	Missense_Mutation	TCGA-AB-2869-03A
PGAP3	Silent	TCGA-AB-2869-03A
SLC27A5	Silent	TCGA-AB-2869-03A
OR2T10	Nonsense_Mutation	TCGA-AB-2916-03A
STK39	Silent	TCGA-AB-2916-03A
WNT10A	Frame_Shift_Ins	TCGA-AB-2916-03A
BTD	Missense_Mutation	TCGA-AB-2916-03A
STC2	Silent	TCGA-AB-2916-03A
KIF13A	In_Frame_Ins	TCGA-AB-2916-03A
MYB	Missense_Mutation	TCGA-AB-2916-03A
RUNX1T1	Missense_Mutation	TCGA-AB-2916-03A
CFAP46	Silent	TCGA-AB-2916-03A
TRIP4	Splice_Site	TCGA-AB-2916-03A
RUNX1	Frame_Shift_Ins	TCGA-AB-2916-03A
UFD1	Missense_Mutation	TCGA-AB-2916-03A
BCORL1	Frame_Shift_Ins	TCGA-AB-2916-03A
GPR153	Silent	TCGA-AB-2919-03A
RBBP4	Missense_Mutation	TCGA-AB-2919-03A
MYBPHL	Silent	TCGA-AB-2919-03A
DNMT3A	Missense_Mutation	TCGA-AB-2919-03A
RIF1	Missense_Mutation	TCGA-AB-2919-03A
IDH1	Missense_Mutation	TCGA-AB-2919-03A
UBP1	Missense_Mutation	TCGA-AB-2919-03A
NPM1	Frame_Shift_Ins	TCGA-AB-2919-03A
GRIK2	Missense_Mutation	TCGA-AB-2919-03A
PMS2	Missense_Mutation	TCGA-AB-2919-03A
MPDZ	Silent	TCGA-AB-2919-03A
WT1	Missense_Mutation	TCGA-AB-2919-03A
NCAM1	Silent	TCGA-AB-2919-03A
FLT3	Missense_Mutation	TCGA-AB-2919-03A
FGF21	Missense_Mutation	TCGA-AB-2919-03A
IGLV3-27	Nonsense_Mutation	TCGA-AB-2919-03A
MAP7D2	Silent	TCGA-AB-2919-03A
SLC25A25	Missense_Mutation	TCGA-AB-2911-03A
GRK2	Splice_Site	TCGA-AB-2911-03A
KRAS	Missense_Mutation	TCGA-AB-2911-03A
FAM133A	Nonsense_Mutation	TCGA-AB-2873-03A
PRPF39	Silent	TCGA-AB-2929-03A
